{
  "apps\\api\\scripts\\migrate.js": 1775758924.2201371,
  "apps\\api\\src\\index.ts": 1775758924.2221317,
  "apps\\api\\src\\lib\\config.ts": 1775758924.2221317,
  "apps\\api\\src\\lib\\errors.ts": 1775758924.2231288,
  "apps\\api\\src\\plugins\\auth.ts": 1775758924.2231288,
  "apps\\api\\src\\plugins\\database.ts": 1775758924.2241263,
  "apps\\api\\src\\plugins\\redis.ts": 1775758924.2241263,
  "apps\\api\\src\\routes\\ai\\index.ts": 1775758924.225124,
  "apps\\api\\src\\routes\\auth\\index.ts": 1775758924.225124,
  "apps\\api\\src\\routes\\layers\\index.ts": 1775758924.2261205,
  "apps\\api\\src\\routes\\pipeline\\index.ts": 1775758924.2261205,
  "apps\\api\\src\\routes\\projects\\index.ts": 1775758924.2271178,
  "apps\\api\\src\\routes\\spiritual\\index.ts": 1775758924.2281156,
  "apps\\api\\src\\services\\ai\\ClaudeClient.ts": 1775758924.2291124,
  "apps\\api\\src\\services\\pipeline\\DataPipelineOrchestrator.ts": 1775758924.2291124,
  "apps\\api\\src\\types\\bcryptjs.d.ts": 1775758924.23011,
  "apps\\web\\vite.config.ts": 1775758924.3856947,
  "apps\\web\\src\\main.tsx": 1775758924.3697367,
  "apps\\web\\src\\app\\App.tsx": 1775758924.2331023,
  "apps\\web\\src\\app\\AppShell.tsx": 1775758924.2340994,
  "apps\\web\\src\\components\\CommandPalette.tsx": 1775758924.2340994,
  "apps\\web\\src\\components\\ErrorBoundary.tsx": 1775758924.2350967,
  "apps\\web\\src\\components\\IconSidebar.tsx": 1775758924.2360942,
  "apps\\web\\src\\components\\ProjectTabBar.tsx": 1775758924.2370913,
  "apps\\web\\src\\components\\SlideUpPanel.tsx": 1775758924.2380893,
  "apps\\web\\src\\components\\Toast.tsx": 1775758924.2380893,
  "apps\\web\\src\\components\\panels\\AtlasAIPanel.tsx": 1775758924.2390864,
  "apps\\web\\src\\components\\panels\\DesignToolsPanel.tsx": 1775758924.2400844,
  "apps\\web\\src\\components\\panels\\EducationalAtlasPanel.tsx": 1775758924.241081,
  "apps\\web\\src\\components\\panels\\HydrologyRightPanel.tsx": 1775758924.2420778,
  "apps\\web\\src\\components\\panels\\MapLayersPanel.tsx": 1775758924.2430751,
  "apps\\web\\src\\components\\panels\\SiteIntelligencePanel.tsx": 1775758924.2440727,
  "apps\\web\\src\\components\\panels\\TimelinePanel.tsx": 1775758924.24507,
  "apps\\web\\src\\components\\ui\\Accordion.tsx": 1775758924.2460673,
  "apps\\web\\src\\components\\ui\\Badge.tsx": 1775758924.247065,
  "apps\\web\\src\\components\\ui\\Button.tsx": 1775758924.247065,
  "apps\\web\\src\\components\\ui\\Card.tsx": 1775758924.248062,
  "apps\\web\\src\\components\\ui\\EmptyState.tsx": 1775758924.2490592,
  "apps\\web\\src\\components\\ui\\FormField.tsx": 1775758924.2490592,
  "apps\\web\\src\\components\\ui\\index.ts": 1775758924.2570386,
  "apps\\web\\src\\components\\ui\\Input.tsx": 1775758924.2500567,
  "apps\\web\\src\\components\\ui\\Modal.tsx": 1775758924.251054,
  "apps\\web\\src\\components\\ui\\PanelLoader.tsx": 1775758924.251054,
  "apps\\web\\src\\components\\ui\\Skeleton.tsx": 1775758924.2520516,
  "apps\\web\\src\\components\\ui\\Spinner.tsx": 1775758924.2530487,
  "apps\\web\\src\\components\\ui\\Stack.tsx": 1775758924.2540464,
  "apps\\web\\src\\components\\ui\\StepIndicator.tsx": 1775758924.2540464,
  "apps\\web\\src\\components\\ui\\Tabs.tsx": 1775758924.2550445,
  "apps\\web\\src\\components\\ui\\Toggle.tsx": 1775758924.2560418,
  "apps\\web\\src\\components\\ui\\Tooltip.tsx": 1775758924.2570386,
  "apps\\web\\src\\features\\access\\AccessPanel.tsx": 1775758924.2580352,
  "apps\\web\\src\\features\\ai\\ContextBuilder.ts": 1775758924.259033,
  "apps\\web\\src\\features\\assessment\\ConfidenceIndicator.tsx": 1775758924.259033,
  "apps\\web\\src\\features\\assessment\\DataCompletenessWidget.tsx": 1775758924.2600303,
  "apps\\web\\src\\features\\assessment\\SiteAssessmentPanel.tsx": 1775758924.2610276,
  "apps\\web\\src\\features\\assessment\\TerrainAnalysisFlags.tsx": 1775758924.2610276,
  "apps\\web\\src\\features\\climate\\ClimateScenarioOverlay.tsx": 1775758924.262025,
  "apps\\web\\src\\features\\climate\\SolarClimatePanel.tsx": 1775758924.2630224,
  "apps\\web\\src\\features\\collaboration\\CollaborationPanel.tsx": 1775758924.2640197,
  "apps\\web\\src\\features\\crops\\CropPanel.tsx": 1775758924.2640197,
  "apps\\web\\src\\features\\dashboard\\DashboardMetrics.tsx": 1775758924.266014,
  "apps\\web\\src\\features\\dashboard\\DashboardRouter.tsx": 1775758924.266014,
  "apps\\web\\src\\features\\dashboard\\DashboardSidebar.tsx": 1775758924.2670114,
  "apps\\web\\src\\features\\dashboard\\DashboardView.tsx": 1775758924.2680092,
  "apps\\web\\src\\features\\dashboard\\components\\MetricCard.tsx": 1775758924.269006,
  "apps\\web\\src\\features\\dashboard\\components\\ProgressBar.tsx": 1775758924.2700043,
  "apps\\web\\src\\features\\dashboard\\components\\SimpleBarChart.tsx": 1775758924.2700043,
  "apps\\web\\src\\features\\dashboard\\pages\\CarbonDiagnosticDashboard.tsx": 1775758924.3079023,
  "apps\\web\\src\\features\\dashboard\\pages\\CartographicDashboard.tsx": 1775758924.3128889,
  "apps\\web\\src\\features\\dashboard\\pages\\DashboardPlaceholder.tsx": 1775758924.3128889,
  "apps\\web\\src\\features\\dashboard\\pages\\EcologicalDashboard.tsx": 1775758924.3138864,
  "apps\\web\\src\\features\\dashboard\\pages\\ForestHubDashboard.tsx": 1775758924.3148842,
  "apps\\web\\src\\features\\dashboard\\pages\\GrazingDashboard.tsx": 1775758924.3158813,
  "apps\\web\\src\\features\\dashboard\\pages\\HerdRotationDashboard.tsx": 1775758924.3168788,
  "apps\\web\\src\\features\\dashboard\\pages\\HydrologyDashboard.tsx": 1775758924.3188734,
  "apps\\web\\src\\features\\dashboard\\pages\\LivestockDashboard.tsx": 1775758924.31987,
  "apps\\web\\src\\features\\dashboard\\pages\\NurseryLedgerDashboard.tsx": 1775758924.31987,
  "apps\\web\\src\\features\\dashboard\\pages\\PaddockDesignDashboard.tsx": 1775758924.3208678,
  "apps\\web\\src\\features\\dashboard\\pages\\PlantingToolDashboard.tsx": 1775758924.3228624,
  "apps\\web\\src\\features\\dashboard\\pages\\StewardshipDashboard.tsx": 1775758924.3228624,
  "apps\\web\\src\\features\\dashboard\\pages\\TerrainDashboard.tsx": 1775758924.32386,
  "apps\\web\\src\\features\\decision\\DecisionSupportPanel.tsx": 1775758924.3248565,
  "apps\\web\\src\\features\\economics\\EconomicsPanel.tsx": 1775758924.3258536,
  "apps\\web\\src\\features\\education\\AdvancedEducationPanel.tsx": 1775758924.3258536,
  "apps\\web\\src\\features\\export\\EducationalBookletExport.tsx": 1775758924.326852,
  "apps\\web\\src\\features\\export\\EmbedCodeModal.tsx": 1775758924.326852,
  "apps\\web\\src\\features\\export\\InvestorSummaryExport.tsx": 1775758924.327849,
  "apps\\web\\src\\features\\export\\ProjectSummaryExport.tsx": 1775758924.327849,
  "apps\\web\\src\\features\\export\\QRCodeGenerator.tsx": 1775758924.327849,
  "apps\\web\\src\\features\\fieldwork\\FieldworkPanel.tsx": 1775758924.3288462,
  "apps\\web\\src\\features\\fieldwork\\WalkRouteRecorder.tsx": 1775758924.3288462,
  "apps\\web\\src\\features\\hydrology\\HydrologyPanel.tsx": 1775758924.3308406,
  "apps\\web\\src\\features\\livestock\\LivestockPanel.tsx": 1775758924.3308406,
  "apps\\web\\src\\features\\livestock\\speciesData.ts": 1775758924.3318388,
  "apps\\web\\src\\features\\map\\DomainFloatingToolbar.tsx": 1775758924.332836,
  "apps\\web\\src\\features\\map\\domainMapping.ts": 1775758924.336825,
  "apps\\web\\src\\features\\map\\EnvironmentOverlays.tsx": 1775758924.332836,
  "apps\\web\\src\\features\\map\\LayerPanel.tsx": 1775758924.333833,
  "apps\\web\\src\\features\\map\\MapCanvas.tsx": 1775758924.333833,
  "apps\\web\\src\\features\\map\\MapStyleSwitcher.tsx": 1775758924.333833,
  "apps\\web\\src\\features\\map\\MapView.tsx": 1775758924.33483,
  "apps\\web\\src\\features\\map\\MeasureTools.tsx": 1775758924.3358276,
  "apps\\web\\src\\features\\map\\TerrainControls.tsx": 1775758924.3358276,
  "apps\\web\\src\\features\\map\\hooks\\useMapbox.ts": 1775758924.336825,
  "apps\\web\\src\\features\\mobile\\FieldNotes.tsx": 1775758924.3378224,